task_name,task_desc,category,num_evaluated,csd_style_similarity,style_retrieval_correct,style_retrieval_accuracy,clip_i_content_similarity,dino_content_similarity,dino_style_similarity,dino,lpips,cfsd,dcl
level1_null,Main Benchmark: Level 1 Null Prompt (Full 225 pairs),table1_benchmark,225,0.3949346148926351,0.6088888888888889,,0.7986496845881145,0.6058548668358061,0.2386146528687742,0.2386146528687742,0.5621993141041861,0.014071956649422603,0.2640506297018793
level2_object,Main Benchmark: Level 2 Object Prompt (Full 225 pairs),table1_benchmark,225,0.29103818653358354,0.4444444444444444,,0.8382177946302626,0.6543541906939613,0.1891707507769267,0.1891707507769267,0.5522455606857936,0.013658544652991773,0.2156715250511964
level3_style_desc,Main Benchmark: Level 3 Style Description (Full 225 pairs),table1_benchmark,225,0.4022455745438735,0.5822222222222222,,0.7800683297051324,0.5402594417995876,0.25211240024202397,0.25211240024202397,0.599757885005739,0.01581187455294028,0.29996955080164805
table2_A_full_ours,Table 2 (A): Full Proposed OrthoStyle,table2_ablation,225,0.3949346148926351,0.6088888888888889,,0.7986496845881145,0.6047714023457633,0.2386146528687742,0.2386146528687742,0.5621993141041861,0.014071956649422603,0.2637093850639131
table2_B_pure_mean,Table 2 (B): Pure Mean Token (alpha_s=0.0),table2_ablation,225,0.23344904225319624,0.3022222222222222,,0.8515183766682942,0.6689740977022383,0.17561128148188193,0.17561128148188193,0.5503835539023082,0.013715750967255849,0.20581099518471294
table2_C_raw_style,Table 2 (C): Raw Style Token (alpha_s=1.0),table2_ablation,225,0.5263657043077465,0.8488888888888889,,0.6894290884335835,0.39802975264688334,0.3438186992373731,0.3438186992373731,0.6791521195570628,0.017397884358134486,0.44816034108400343
table2_D_no_guidance,"Table 2 (D): No Guidance (No DINO, No Loss, No Grad)",table2_ablation,225,0.4665951298094458,0.7733333333333333,,0.7079693407482571,0.4107556554799279,0.3095732378794087,0.3095732378794087,0.701907193130917,0.017844760405520552,0.43259746859471004
table2_E_no_pushforward,Table 2 (E): No AdaIN Pushforward (tau=0),table2_ablation,225,0.6586670041084289,0.9866666666666667,,0.5874002452691396,0.201005428623822,0.495331148174074,0.495331148174074,0.7489215846856435,0.02074194133695624,0.6473468516932593
table2_F_no_gating,"Table 2 (F): No ControlNet & No Gating (No Canny, No rembg)",table2_ablation,225,0.44975733985503513,0.7777777777777778,,0.7113309525118934,0.41872205370002324,0.3036370414826605,0.3036370414826605,0.6987886567910512,0.018049964672989267,0.42234750390052794
table2_D2_no_ortho,Table 2 (D2): Standard Guidance (No Score-Orthogonal Projection),table2_bonus,60,0.45177995041012764,0.6833333333333333,,0.7851600875457128,0.5816375123957793,0.2883955587943395,0.2883955587943395,0.587794215977192,0.013916653747825525,0.269911850305895
table2_F2_no_semantic_gating,Table 2 (F2): Standard Canny ControlNet (No Semantic rembg Gating),table2_bonus,113,0.32325746949795076,0.5309734513274337,,0.8397102915080248,0.6970016692591979,0.18791297523189435,0.18791297523189435,0.42170750409100966,0.008471206100492696,0.18882921038080105
sweep_tau_1,"Tau Sweep: tau=1 (p_switch=0.05, 49 pairs)",tau_sweeps,49,0.4514281519365554,0.673469387755102,,0.7590147110880637,0.5755198293802689,0.2734433909764095,0.2734433909764095,0.5854930865521334,0.013341501583250159,0.2726820828963299
sweep_tau_2,"Tau Sweep: tau=2 (Default p_switch=0.10, 49 pairs)",tau_sweeps,49,0.4156848722118504,0.6530612244897959,,0.7650016680055735,0.605417759442816,0.2550722534331132,0.2550722534331132,0.5660968210015979,0.012674928177148053,0.2550175626363073
sweep_tau_3,"Tau Sweep: tau=3 (p_switch=0.15, 49 pairs)",tau_sweeps,49,0.40400731662402345,0.5714285714285714,,0.7843515155266743,0.6263249546897655,0.24536272883415222,0.24536272883415222,0.555047301005344,0.012360462367686644,0.23515467558588302
sweep_tau_4,"Tau Sweep: tau=4 (p_switch=0.20, 49 pairs)",tau_sweeps,49,0.3707248250554715,0.5510204081632653,,0.793973445892334,0.6464063896208393,0.23267650011242652,0.23267650011242652,0.5422007347248039,0.011924340484701807,0.21654966884121596
baseline_attenst,Baseline: AttnST (Attention-based Style Transfer),baselines,225,0.4144189057664739,0.88,,0.771726680861579,0.5913757019655572,0.24803346541192797,0.24803346541192797,0.43467620472113294,0.0063329414661145375,0.2607316399117311
baseline_diffuseIT,Baseline: DiffuseIT,baselines,225,0.3190425171578924,0.6311111111111111,,0.6827599014176263,0.39188346814778113,0.32106079109840924,0.32106079109840924,0.5442547779613071,0.009459399301558686,0.4268938034110599
baseline_instantstyle,Baseline: InstantStyle,baselines,225,0.47673318720526164,0.9155555555555556,,0.682743382718828,0.41524714721573724,0.27799669196208315,0.27799669196208315,0.6155177123016782,0.011022729787768538,0.3649271773629718
baseline_itoc,Baseline: ITOC,baselines,225,0.14619249981724552,0.24888888888888888,,0.8656654556592306,0.6988341536124547,0.16034655443082252,0.16034655443082252,0.33856634749306574,0.007522007379059941,0.19392488041685688
baseline_rb_modulation,Baseline: RB-Modulation,baselines,225,0.31381045420136716,0.5555555555555556,,0.816915455394321,0.5561235157027841,0.19125487090398868,0.19125487090398868,0.6808580137623681,0.016886451314720795,0.2880886235833168
baseline_styleid,Baseline: StyleID,baselines,225,0.4511130986611048,0.8844444444444445,,0.7732000520494249,0.5933386711941825,0.2694761920968691,0.2694761920968691,0.45968770974212225,0.006368237800068273,0.27046296141213844
