content_name,style_name,generated_file,csd_style_similarity,style_retrieval_correct,clip_i_content_similarity,dino_content_similarity,dcl,lpips,cfsd,generated_path,style_retrieval_accuracy,dino_style_similarity,dino
01_backpack_dog,01_antimonocromatismo,ortho_01_backpack_dog_01_antimonocromatismo.png,0.0251988228410482,0.0,0.8640391230583191,0.5673506855964661,0.2277996093034744,0.5353495478630066,0.0094635672867298,,,0.1559727489948272,0.1559727489948272
01_backpack_dog,02_color_splash,ortho_01_backpack_dog_02_color_splash.png,0.1271281987428665,0.0,0.8652129769325256,0.5152657628059387,0.2430960983037948,0.6109721064567566,0.0115765146911144,,,0.1798973530530929,0.1798973530530929
01_backpack_dog,03_cyberpunk,ortho_01_backpack_dog_03_cyberpunk.png,0.4660572111606598,1.0,0.8050951361656189,0.5939420461654663,0.201780155301094,0.5986549854278564,0.0107384417206048,,,0.2114414572715759,0.2114414572715759
01_backpack_dog,04_flat_illustration,ortho_01_backpack_dog_04_flat_illustration.png,0.2373502254486084,0.0,0.8841536641120911,0.6009745597839355,0.3494895696640014,0.5118529796600342,0.0121462540701031,,,0.4103900194168091,0.4103900194168091
01_backpack_dog,05_glowing_neon,ortho_01_backpack_dog_05_glowing_neon.png,0.3210241794586181,0.0,0.8777776956558228,0.572627604007721,0.245411530137062,0.551999568939209,0.0106151299551129,,,0.1307015419006347,0.1307015419006347
01_backpack_dog,06_historical_oil,ortho_01_backpack_dog_06_historical_oil.png,-0.1133761405944824,0.0,0.8844166398048401,0.5819200277328491,0.1996886879205703,0.5681276917457581,0.011336263269186,,,0.0382755696773529,0.0382755696773529
01_backpack_dog,07_graphic_poster,ortho_01_backpack_dog_07_graphic_poster.png,0.0983054861426353,0.0,0.8564706444740295,0.6313624382019043,0.197538211941719,0.5118276476860046,0.0124929165467619,,,0.0431548878550529,0.0431548878550529
01_backpack_dog,08_pencil_sketch,ortho_01_backpack_dog_08_pencil_sketch.png,-0.0290673449635505,0.0,0.849385142326355,0.4653035700321197,0.2934509515762329,0.668251097202301,0.012590330094099,,,0.0613504163920879,0.0613504163920879
01_backpack_dog,09_sticker,ortho_01_backpack_dog_09_sticker.png,0.2489997446537017,0.0,0.8464146852493286,0.5700746774673462,0.291854053735733,0.5461199283599854,0.0117955226451158,,,0.2615459263324737,0.2615459263324737
01_backpack_dog,10_starry_night_sketch,ortho_01_backpack_dog_10_starry_night_sketch.png,0.0255420673638582,0.0,0.8592946529388428,0.6138995885848999,0.1803973019123077,0.5110765695571899,0.0116578629240393,,,0.0975994020700454,0.0975994020700454
01_backpack_dog,11_abstract_3d_render,ortho_01_backpack_dog_11_abstract_3d_render.png,0.1383927911520004,0.0,0.8705670833587646,0.4986066222190857,0.3153510987758636,0.5811582803726196,0.0106499921530485,,,0.299021452665329,0.299021452665329
01_backpack_dog,12_vintage_woodcut,ortho_01_backpack_dog_12_vintage_woodcut.png,0.1732036173343658,0.0,0.8315572738647461,0.5735964775085449,0.2183535397052765,0.5490849614143372,0.0109278950840234,,,0.1581628620624542,0.1581628620624542
01_backpack_dog,13_3d_isometric,ortho_01_backpack_dog_13_3d_isometric.png,0.357217788696289,0.0,0.8890617489814758,0.589325487613678,0.3363299071788788,0.5840421915054321,0.0136045040562748,,,0.4479355216026306,0.4479355216026306
01_backpack_dog,14_crayon_drawing,ortho_01_backpack_dog_14_crayon_drawing.png,0.3804643750190735,1.0,0.8320677876472473,0.5281755924224854,0.2530609667301178,0.6496853232383728,0.0133317001163959,,,0.1838449984788894,0.1838449984788894
01_backpack_dog,15_oil_pastels,ortho_01_backpack_dog_15_oil_pastels.png,0.002328616566956,0.0,0.8232340216636658,0.4516087770462036,0.2938372194766998,0.6609231233596802,0.0122657837346196,,,0.1002376452088356,0.1002376452088356
02_bear_plushie,01_antimonocromatismo,ortho_02_bear_plushie_01_antimonocromatismo.png,0.0509778633713722,0.0,0.8230507373809814,0.7340513467788696,0.1799289882183075,0.4321425557136535,0.0072190375067293,,,0.1218819096684455,0.1218819096684455
02_bear_plushie,02_color_splash,ortho_02_bear_plushie_02_color_splash.png,0.1174899786710739,0.0,0.7884666919708252,0.7454714775085449,0.1386745870113372,0.4870293140411377,0.0082037216052412,,,0.1861361116170883,0.1861361116170883
02_bear_plushie,03_cyberpunk,ortho_02_bear_plushie_03_cyberpunk.png,0.4718977808952331,1.0,0.7722252607345581,0.6788268685340881,0.1380644291639328,0.6185230016708374,0.0095046488568186,,,0.1218147128820419,0.1218147128820419
02_bear_plushie,04_flat_illustration,ortho_02_bear_plushie_04_flat_illustration.png,0.1464770138263702,0.0,0.7806335687637329,0.7708516716957092,0.1296555399894714,0.5280872583389282,0.0099616628140211,,,0.2082548886537552,0.2082548886537552
02_bear_plushie,05_glowing_neon,ortho_02_bear_plushie_05_glowing_neon.png,0.396021157503128,1.0,0.8465564250946045,0.770629346370697,0.1587523072957992,0.6044740676879883,0.0091106295585632,,,0.1363343745470047,0.1363343745470047
02_bear_plushie,06_historical_oil,ortho_02_bear_plushie_06_historical_oil.png,0.0286942943930625,0.0,0.803131103515625,0.7705777883529663,0.1054787784814834,0.5353404879570007,0.0085868565365672,,,0.0063830884173512,0.0063830884173512
02_bear_plushie,07_graphic_poster,ortho_02_bear_plushie_07_graphic_poster.png,0.1300849616527557,0.0,0.8250946998596191,0.5946264266967773,0.2559244334697723,0.7000170946121216,0.0107888244092464,,,0.1931161880493164,0.1931161880493164
02_bear_plushie,08_pencil_sketch,ortho_02_bear_plushie_08_pencil_sketch.png,-0.0025027617812156,0.0,0.826128363609314,0.7048492431640625,0.1983088701963424,0.5576016306877136,0.0106535553932189,,,0.0625652149319648,0.0625652149319648
02_bear_plushie,09_sticker,ortho_02_bear_plushie_09_sticker.png,0.1735683679580688,0.0,0.7816857099533081,0.6903510093688965,0.1903881281614303,0.5025671124458313,0.0089092394337058,,,0.1535861045122146,0.1535861045122146
02_bear_plushie,10_starry_night_sketch,ortho_02_bear_plushie_10_starry_night_sketch.png,-0.0219331197440624,0.0,0.8094826936721802,0.8337422609329224,0.0952950790524482,0.4011582732200622,0.0082259820774197,,,0.1239097043871879,0.1239097043871879
02_bear_plushie,11_abstract_3d_render,ortho_02_bear_plushie_11_abstract_3d_render.png,-0.0033939685672521,0.0,0.8468652367591858,0.7296363711357117,0.226391389966011,0.5395469665527344,0.0096847228705883,,,0.1243456825613975,0.1243456825613975
02_bear_plushie,12_vintage_woodcut,ortho_02_bear_plushie_12_vintage_woodcut.png,0.1655053794384002,0.0,0.829514741897583,0.7469315528869629,0.182206317782402,0.5283827781677246,0.0087797129526734,,,0.1203273460268974,0.1203273460268974
02_bear_plushie,13_3d_isometric,ortho_02_bear_plushie_13_3d_isometric.png,0.3380219936370849,1.0,0.7982245683670044,0.7271109819412231,0.2568790912628174,0.4558978080749511,0.0095604816451668,,,0.2838958501815796,0.2838958501815796
02_bear_plushie,14_crayon_drawing,ortho_02_bear_plushie_14_crayon_drawing.png,0.3164355158805847,1.0,0.8483394980430603,0.6406744122505188,0.2334956377744674,0.6453655362129211,0.0099726440384984,,,0.0862159058451652,0.0862159058451652
02_bear_plushie,15_oil_pastels,ortho_02_bear_plushie_15_oil_pastels.png,0.069140687584877,0.0,0.7476698160171509,0.6362109184265137,0.2267452627420425,0.6819687485694885,0.0112122120335698,,,0.0355706438422203,0.0355706438422203
03_berry_bowl,01_antimonocromatismo,ortho_03_berry_bowl_01_antimonocromatismo.png,0.2328065633773803,0.0,0.7843262553215027,0.7248940467834473,0.1316906958818435,0.2974584698677063,0.0169847179204225,,,0.1119437590241432,0.1119437590241432
03_berry_bowl,02_color_splash,ortho_03_berry_bowl_02_color_splash.png,0.1464023292064666,0.0,0.8472933769226074,0.8879998922348022,0.0488514974713325,0.2435860782861709,0.0159531384706497,,,0.1596942842006683,0.1596942842006683
03_berry_bowl,03_cyberpunk,ortho_03_berry_bowl_03_cyberpunk.png,0.4352396726608276,1.0,0.8517522811889648,0.80482017993927,0.1170281246304512,0.507668137550354,0.0117357708513736,,,0.153686448931694,0.153686448931694
03_berry_bowl,04_flat_illustration,ortho_03_berry_bowl_04_flat_illustration.png,0.4946250021457672,1.0,0.8636032342910767,0.8900766372680664,0.070162832736969,0.3045267462730407,0.0152097400277853,,,0.2660103440284729,0.2660103440284729
03_berry_bowl,05_glowing_neon,ortho_03_berry_bowl_05_glowing_neon.png,0.282783180475235,0.0,0.8692193627357483,0.7466511130332947,0.1293205767869949,0.4559616446495056,0.0129638137295842,,,0.1865399032831192,0.1865399032831192
03_berry_bowl,06_historical_oil,ortho_03_berry_bowl_06_historical_oil.png,0.1166414022445678,0.0,0.7470760345458984,0.7816723585128784,0.1307112127542495,0.3464384973049164,0.0160956215113401,,,0.158800259232521,0.158800259232521
03_berry_bowl,07_graphic_poster,ortho_03_berry_bowl_07_graphic_poster.png,0.3422867655754089,1.0,0.7717440724372864,0.6267560720443726,0.1667898446321487,0.5236586928367615,0.0184819493442773,,,0.2277933955192566,0.2277933955192566
03_berry_bowl,08_pencil_sketch,ortho_03_berry_bowl_08_pencil_sketch.png,-0.0214453507214784,0.0,0.7659733295440674,0.6387646794319153,0.1770137250423431,0.471907377243042,0.0224461071193218,,,0.0867186114192009,0.0867186114192009
03_berry_bowl,09_sticker,ortho_03_berry_bowl_09_sticker.png,0.1377461403608322,0.0,0.7677077651023865,0.8513203859329224,0.1011162176728248,0.2421433329582214,0.0138382911682128,,,0.3004228472709656,0.3004228472709656
03_berry_bowl,10_starry_night_sketch,ortho_03_berry_bowl_10_starry_night_sketch.png,0.089830607175827,0.0,0.7907353639602661,0.7995197772979736,0.0843075811862945,0.3177489936351776,0.0204568579792976,,,0.0188759826123714,0.0188759826123714
03_berry_bowl,11_abstract_3d_render,ortho_03_berry_bowl_11_abstract_3d_render.png,0.3874446749687195,1.0,0.7389686107635498,0.7609424591064453,0.1476912945508957,0.4924522340297699,0.0133907012641429,,,0.104676753282547,0.104676753282547
03_berry_bowl,12_vintage_woodcut,ortho_03_berry_bowl_12_vintage_woodcut.png,0.3076744675636291,0.0,0.7924672961235046,0.6993924379348755,0.1677588671445846,0.4023979008197784,0.0145291946828365,,,0.2569910287857055,0.2569910287857055
03_berry_bowl,13_3d_isometric,ortho_03_berry_bowl_13_3d_isometric.png,0.3947309851646423,1.0,0.7608233690261841,0.7844188809394836,0.1355431079864502,0.3322423994541168,0.0140048116445541,,,0.2737716138362884,0.2737716138362884
03_berry_bowl,14_crayon_drawing,ortho_03_berry_bowl_14_crayon_drawing.png,0.4815816283226013,1.0,0.6237215995788574,0.4410982131958008,0.2597531378269195,0.6164199113845825,0.018502252176404,,,0.1313714683055877,0.1313714683055877
03_berry_bowl,15_oil_pastels,ortho_03_berry_bowl_15_oil_pastels.png,0.1833506822586059,0.0,0.784166693687439,0.6784992218017578,0.2319916039705276,0.5479534864425659,0.0191750712692737,,,0.1551278233528137,0.1551278233528137
04_can,01_antimonocromatismo,ortho_04_can_01_antimonocromatismo.png,0.171887919306755,0.0,0.7974969744682312,0.5907050371170044,0.2307299822568893,0.4843113422393799,0.0099280197173357,,,0.1918347924947738,0.1918347924947738
04_can,02_color_splash,ortho_04_can_02_color_splash.png,0.1837132275104522,0.0,0.7459579706192017,0.7282103300094604,0.1488673239946365,0.4712057113647461,0.0112924864515662,,,0.1555034518241882,0.1555034518241882
04_can,03_cyberpunk,ortho_04_can_03_cyberpunk.png,0.4972035884857178,1.0,0.7448674440383911,0.6547017097473145,0.1855535209178924,0.5292496681213379,0.0108708506450057,,,0.25982266664505,0.25982266664505
04_can,04_flat_illustration,ortho_04_can_04_flat_illustration.png,0.2683339715003967,0.0,0.7552873492240906,0.6757875680923462,0.2060304880142212,0.4538936913013458,0.0131288617849349,,,0.2773197293281555,0.2773197293281555
04_can,05_glowing_neon,ortho_04_can_05_glowing_neon.png,0.2537219524383545,1.0,0.7703768610954285,0.7471634149551392,0.203278362751007,0.4374387860298157,0.0099878842011094,,,0.0789712071418762,0.0789712071418762
04_can,06_historical_oil,ortho_04_can_06_historical_oil.png,-0.0602602064609527,0.0,0.7953596711158752,0.7234811782836914,0.1283836662769317,0.508925199508667,0.0101261921226978,,,0.1313928663730621,0.1313928663730621
04_can,07_graphic_poster,ortho_04_can_07_graphic_poster.png,0.4748256802558899,1.0,0.7190700769424438,0.5835397839546204,0.3299915790557861,0.6125102043151855,0.0164889972656965,,,0.4031118154525757,0.4031118154525757
04_can,08_pencil_sketch,ortho_04_can_08_pencil_sketch.png,0.067611813545227,0.0,0.6184480786323547,0.6619794964790344,0.2131123095750808,0.7067820429801941,0.0227232575416564,,,0.1087413802742958,0.1087413802742958
04_can,09_sticker,ortho_04_can_09_sticker.png,0.2930745780467987,1.0,0.775806188583374,0.7130846977233887,0.1996158361434936,0.5400242805480957,0.0102175790816545,,,0.180259570479393,0.180259570479393
04_can,10_starry_night_sketch,ortho_04_can_10_starry_night_sketch.png,0.0315470471978187,0.0,0.7199547290802002,0.6641433835029602,0.2125992774963379,0.4979828596115112,0.014160631224513,,,0.1809200644493103,0.1809200644493103
04_can,11_abstract_3d_render,ortho_04_can_11_abstract_3d_render.png,0.3789870142936706,1.0,0.7265278100967407,0.5707217454910278,0.3353142142295837,0.6591681838035583,0.0127905653789639,,,0.3015642166137695,0.3015642166137695
04_can,12_vintage_woodcut,ortho_04_can_12_vintage_woodcut.png,0.3701294362545013,1.0,0.7391084432601929,0.7167302370071411,0.1615838259458542,0.5762544274330139,0.0153181990608572,,,0.0999949425458908,0.0999949425458908
04_can,13_3d_isometric,ortho_04_can_13_3d_isometric.png,0.3380683660507202,1.0,0.8303524851799011,0.754741907119751,0.1600790023803711,0.539641797542572,0.0140767553821206,,,0.2190166413784027,0.2190166413784027
04_can,14_crayon_drawing,ortho_04_can_14_crayon_drawing.png,0.2729492783546448,1.0,0.7162859439849854,0.6733989119529724,0.1651610285043716,0.5721209645271301,0.0150552373379468,,,0.0875170305371284,0.0875170305371284
04_can,15_oil_pastels,ortho_04_can_15_oil_pastels.png,0.1969199180603027,1.0,0.7270610332489014,0.7130107879638672,0.1418143361806869,0.5262018442153931,0.0126584218814969,,,0.1170633733272552,0.1170633733272552
05_cat_laying,01_antimonocromatismo,ortho_05_cat_laying_01_antimonocromatismo.png,0.3579011559486389,0.0,0.7432022094726562,0.7070345878601074,0.1762900948524475,0.5445535778999329,0.0152538800612092,,,0.2061933726072311,0.2061933726072311
05_cat_laying,02_color_splash,ortho_05_cat_laying_02_color_splash.png,0.2876298129558563,0.0,0.9131742715835572,0.8124552965164185,0.1276795864105224,0.4785572290420532,0.0127093316987156,,,0.3839528560638428,0.3839528560638428
05_cat_laying,03_cyberpunk,ortho_05_cat_laying_03_cyberpunk.png,0.5487911701202393,1.0,0.7994407415390015,0.6707862615585327,0.1552847325801849,0.6249833703041077,0.0142339076846838,,,0.1826963871717453,0.1826963871717453
05_cat_laying,04_flat_illustration,ortho_05_cat_laying_04_flat_illustration.png,0.3650386929512024,1.0,0.8892366290092468,0.7867591381072998,0.0995685309171676,0.5146957039833069,0.0134942578151822,,,0.1106220632791519,0.1106220632791519
05_cat_laying,05_glowing_neon,ortho_05_cat_laying_05_glowing_neon.png,0.4357700645923614,1.0,0.8538193106651306,0.7446737289428711,0.1413927972316742,0.5348573327064514,0.0135209085419774,,,0.2043877691030502,0.2043877691030502
05_cat_laying,06_historical_oil,ortho_05_cat_laying_06_historical_oil.png,-0.0549210682511329,0.0,0.8684994578361511,0.7970336675643921,0.1208738684654235,0.5051310658454895,0.0134338736534118,,,0.057040549814701,0.057040549814701
05_cat_laying,07_graphic_poster,ortho_05_cat_laying_07_graphic_poster.png,0.371873676776886,1.0,0.874329686164856,0.4735009372234344,0.3982304334640503,0.6660234332084656,0.0192584991455078,,,0.2219076156616211,0.2219076156616211
05_cat_laying,08_pencil_sketch,ortho_05_cat_laying_08_pencil_sketch.png,0.0822812616825103,0.0,0.9068396687507628,0.7395412921905518,0.1749780178070068,0.65485018491745,0.024984061717987,,,0.114243559539318,0.114243559539318
05_cat_laying,09_sticker,ortho_05_cat_laying_09_sticker.png,0.3586384057998657,0.0,0.8408066034317017,0.7858391404151917,0.1673543751239776,0.4941090643405914,0.0135324606671929,,,0.1756251752376556,0.1756251752376556
05_cat_laying,10_starry_night_sketch,ortho_05_cat_laying_10_starry_night_sketch.png,0.1667083501815796,0.0,0.826613187789917,0.7989485263824463,0.1085313856601715,0.4912610054016113,0.012859066016972,,,0.1724090576171875,0.1724090576171875
05_cat_laying,11_abstract_3d_render,ortho_05_cat_laying_11_abstract_3d_render.png,0.1107969880104065,0.0,0.9137764573097228,0.813740611076355,0.1040456518530845,0.4680373668670654,0.016101449728012,,,0.096864253282547,0.096864253282547
05_cat_laying,12_vintage_woodcut,ortho_05_cat_laying_12_vintage_woodcut.png,0.2857609391212463,0.0,0.8656755685806274,0.7692155838012695,0.117812231183052,0.5533069968223572,0.0165915749967098,,,0.2035760879516601,0.2035760879516601
05_cat_laying,13_3d_isometric,ortho_05_cat_laying_13_3d_isometric.png,0.429863691329956,1.0,0.8929993510246277,0.7876967787742615,0.1105992421507835,0.4701184034347534,0.0116687593981623,,,0.1232086345553398,0.1232086345553398
05_cat_laying,14_crayon_drawing,ortho_05_cat_laying_14_crayon_drawing.png,0.464791864156723,1.0,0.7968184351921082,0.520185112953186,0.2840304374694824,0.6336607336997986,0.0130432844161987,,,0.2264569997787475,0.2264569997787475
05_cat_laying,15_oil_pastels,ortho_05_cat_laying_15_oil_pastels.png,0.3271753191947937,1.0,0.8899866342544556,0.687376856803894,0.1787051856517791,0.6191655397415161,0.0157679188996553,,,0.078993871808052,0.078993871808052
06_cat_sitting,01_antimonocromatismo,ortho_06_cat_sitting_01_antimonocromatismo.png,0.4029604196548462,0.0,0.8070908784866333,0.6232155561447144,0.2356641888618469,0.6147045493125916,0.0118645727634429,,,0.1975704431533813,0.1975704431533813
06_cat_sitting,02_color_splash,ortho_06_cat_sitting_02_color_splash.png,0.4919211268424988,1.0,0.7494670152664185,0.6056228876113892,0.3075876533985138,0.614603579044342,0.0127863800153136,,,0.5477701425552368,0.5477701425552368
06_cat_sitting,03_cyberpunk,ortho_06_cat_sitting_03_cyberpunk.png,0.5537676811218262,0.0,0.8482859134674072,0.6116088628768921,0.1753021031618118,0.5791086554527283,0.0104831140488386,,,0.1434164196252823,0.1434164196252823
06_cat_sitting,04_flat_illustration,ortho_06_cat_sitting_04_flat_illustration.png,0.2944073677062988,0.0,0.95165354013443,0.7362678050994873,0.1225908771157264,0.5904418230056763,0.0112586030736565,,,0.0483804643154144,0.0483804643154144
06_cat_sitting,05_glowing_neon,ortho_06_cat_sitting_05_glowing_neon.png,0.5788007974624634,1.0,0.9129559993743896,0.6430619955062866,0.1661505401134491,0.561943531036377,0.0109861688688397,,,0.0866764038801193,0.0866764038801193
06_cat_sitting,06_historical_oil,ortho_06_cat_sitting_06_historical_oil.png,0.3071017265319824,0.0,0.7620244026184082,0.5649890899658203,0.2721503376960754,0.5356835126876831,0.010322818532586,,,0.2282181084156036,0.2282181084156036
06_cat_sitting,07_graphic_poster,ortho_06_cat_sitting_07_graphic_poster.png,0.3698503077030182,1.0,0.9389681816101074,0.6932834386825562,0.1757311820983886,0.5514847040176392,0.0111526176333427,,,0.2504406273365021,0.2504406273365021
06_cat_sitting,08_pencil_sketch,ortho_06_cat_sitting_08_pencil_sketch.png,-0.023481922224164,0.0,0.9390418529510498,0.762533962726593,0.1989186853170395,0.5502653121948242,0.0119249550625681,,,0.166743978857994,0.166743978857994
06_cat_sitting,09_sticker,ortho_06_cat_sitting_09_sticker.png,0.3435278236865997,0.0,0.9459909200668336,0.6847034096717834,0.1213950291275978,0.6146277189254761,0.0108064897358417,,,0.0426772534847259,0.0426772534847259
06_cat_sitting,10_starry_night_sketch,ortho_06_cat_sitting_10_starry_night_sketch.png,0.2631534039974212,0.0,0.8524653315544128,0.6143926382064819,0.1419648826122284,0.5472733378410339,0.0094147538766264,,,0.1377248615026474,0.1377248615026474
06_cat_sitting,11_abstract_3d_render,ortho_06_cat_sitting_11_abstract_3d_render.png,0.0964255034923553,0.0,0.901492714881897,0.6213748455047607,0.1555253714323043,0.553467333316803,0.0103452736511826,,,0.1220862865447998,0.1220862865447998
06_cat_sitting,12_vintage_woodcut,ortho_06_cat_sitting_12_vintage_woodcut.png,0.336097776889801,0.0,0.910833775997162,0.6075572967529297,0.2057744711637497,0.5859014987945557,0.016170185059309,,,0.1356149911880493,0.1356149911880493
06_cat_sitting,13_3d_isometric,ortho_06_cat_sitting_13_3d_isometric.png,0.3006270229816437,0.0,0.935398817062378,0.6923630237579346,0.1779882162809372,0.6107112765312195,0.0107605699449777,,,0.0861052796244621,0.0861052796244621
06_cat_sitting,14_crayon_drawing,ortho_06_cat_sitting_14_crayon_drawing.png,0.3847245872020721,1.0,0.7489596605300903,0.6109966039657593,0.1587683260440826,0.6356984376907349,0.0134450001642107,,,0.1990567147731781,0.1990567147731781
06_cat_sitting,15_oil_pastels,ortho_06_cat_sitting_15_oil_pastels.png,-0.0179343819618225,0.0,0.9301749467849731,0.7345061302185059,0.1882586628198623,0.5373501777648926,0.0139506598934531,,,0.1235148310661315,0.1235148310661315
07_vintage_clock,01_antimonocromatismo,ortho_07_vintage_clock_01_antimonocromatismo.png,0.2506945729255676,0.0,0.914672315120697,0.5869436264038086,0.2254049479961395,0.648617684841156,0.0104951420798897,,,0.1000789552927017,0.1000789552927017
07_vintage_clock,02_color_splash,ortho_07_vintage_clock_02_color_splash.png,0.1412665694952011,0.0,0.9182124137878418,0.6123051643371582,0.2275499403476715,0.6190996170043945,0.0122208492830395,,,0.1935461461544037,0.1935461461544037
07_vintage_clock,03_cyberpunk,ortho_07_vintage_clock_03_cyberpunk.png,0.5878983736038208,1.0,0.8165100812911987,0.5196588039398193,0.2890175282955169,0.7171690464019775,0.0130033828318119,,,0.1285442411899566,0.1285442411899566
07_vintage_clock,04_flat_illustration,ortho_07_vintage_clock_04_flat_illustration.png,0.3912791609764099,0.0,0.8836297988891602,0.6000070571899414,0.3231019079685211,0.5797257423400879,0.015250526368618,,,0.3617096543312073,0.3617096543312073
07_vintage_clock,05_glowing_neon,ortho_07_vintage_clock_05_glowing_neon.png,0.4899395704269409,1.0,0.896011471748352,0.5446564555168152,0.2669520080089569,0.6368370652198792,0.0111298970878124,,,0.1246407181024551,0.1246407181024551
07_vintage_clock,06_historical_oil,ortho_07_vintage_clock_06_historical_oil.png,-0.0217070262879133,0.0,0.8567100763320923,0.5438850522041321,0.2137698233127594,0.5771311521530151,0.0187636241316795,,,0.0306561719626188,0.0306561719626188
07_vintage_clock,07_graphic_poster,ortho_07_vintage_clock_07_graphic_poster.png,0.3622094094753265,0.0,0.9101725220680236,0.5947041511535645,0.3003020584583282,0.7833067178726196,0.0165011752396821,,,0.22343310713768,0.22343310713768
07_vintage_clock,08_pencil_sketch,ortho_07_vintage_clock_08_pencil_sketch.png,0.2067520320415496,0.0,0.8971056342124939,0.565609335899353,0.2748939096927643,0.718792200088501,0.027868365868926,,,0.1041082590818405,0.1041082590818405
07_vintage_clock,09_sticker,ortho_07_vintage_clock_09_sticker.png,0.3158685863018036,0.0,0.9088404178619384,0.5746331214904785,0.2630879282951355,0.5668815970420837,0.0185939986258745,,,0.3451592922210693,0.3451592922210693
07_vintage_clock,10_starry_night_sketch,ortho_07_vintage_clock_10_starry_night_sketch.png,0.183376282453537,0.0,0.8982222676277161,0.5908186435699463,0.179318219423294,0.5998282432556152,0.0194290783256292,,,0.0131320860236883,0.0131320860236883
07_vintage_clock,11_abstract_3d_render,ortho_07_vintage_clock_11_abstract_3d_render.png,0.3772119283676147,0.0,0.917025089263916,0.6044633388519287,0.2495719492435455,0.6829481720924377,0.0147593775764107,,,0.32596555352211,0.32596555352211
07_vintage_clock,12_vintage_woodcut,ortho_07_vintage_clock_12_vintage_woodcut.png,0.2209102809429168,0.0,0.9276753664016724,0.6358327865600586,0.2454373240470886,0.5409892797470093,0.0145156327635049,,,0.0884591192007064,0.0884591192007064
07_vintage_clock,13_3d_isometric,ortho_07_vintage_clock_13_3d_isometric.png,0.5345172882080078,1.0,0.9022246599197388,0.555718719959259,0.3367781937122345,0.6590843200683594,0.0143264615908265,,,0.4473587870597839,0.4473587870597839
07_vintage_clock,14_crayon_drawing,ortho_07_vintage_clock_14_crayon_drawing.png,0.2758221924304962,0.0,0.9140204787254332,0.4171511828899383,0.3915117681026459,0.6879373788833618,0.0257899723947048,,,0.1689134240150451,0.1689134240150451
07_vintage_clock,15_oil_pastels,ortho_07_vintage_clock_15_oil_pastels.png,0.2223551869392395,0.0,0.9380033016204834,0.5786834955215454,0.2892839908599853,0.7141109704971313,0.0237578749656677,,,0.1473518013954162,0.1473518013954162
08_colorful_sneaker,01_antimonocromatismo,ortho_08_colorful_sneaker_01_antimonocromatismo.png,0.4005568623542785,1.0,0.755628228187561,0.4572250843048095,0.3425605893135071,0.7426708936691284,0.0088059678673744,,,0.2152943313121795,0.2152943313121795
08_colorful_sneaker,02_color_splash,ortho_08_colorful_sneaker_02_color_splash.png,0.1035267114639282,0.0,0.8949838876724243,0.8577882051467896,0.0874074324965477,0.4936044812202453,0.0093912603333592,,,0.0751828998327255,0.0751828998327255
08_colorful_sneaker,03_cyberpunk,ortho_08_colorful_sneaker_03_cyberpunk.png,0.2695135474205017,0.0,0.8934415578842163,0.8361529111862183,0.1388063430786132,0.6125927567481995,0.0097721181809902,,,0.0632530003786087,0.0632530003786087
08_colorful_sneaker,04_flat_illustration,ortho_08_colorful_sneaker_04_flat_illustration.png,0.1915200650691986,0.0,0.903183102607727,0.7845300436019897,0.1386933922767639,0.5559414029121399,0.0134700192138552,,,0.2129127532243728,0.2129127532243728
08_colorful_sneaker,05_glowing_neon,ortho_08_colorful_sneaker_05_glowing_neon.png,0.5449089407920837,1.0,0.8286806344985962,0.7262069582939148,0.2389368414878845,0.7196882367134094,0.0104863997548818,,,0.2303658276796341,0.2303658276796341
08_colorful_sneaker,06_historical_oil,ortho_08_colorful_sneaker_06_historical_oil.png,0.1110719144344329,0.0,0.6811643838882446,0.4080307781696319,0.4616575837135315,0.6014934182167053,0.0092189945280551,,,0.3044285476207733,0.3044285476207733
08_colorful_sneaker,07_graphic_poster,ortho_08_colorful_sneaker_07_graphic_poster.png,0.2482589036226272,1.0,0.850760281085968,0.7150484323501587,0.2127468734979629,0.7037144899368286,0.0111015178263187,,,0.1618952453136444,0.1618952453136444
08_colorful_sneaker,08_pencil_sketch,ortho_08_colorful_sneaker_08_pencil_sketch.png,0.0455885231494903,0.0,0.9248759746551514,0.8480453491210938,0.1085914447903633,0.3169626295566559,0.0081427423283457,,,0.0843576341867446,0.0843576341867446
08_colorful_sneaker,09_sticker,ortho_08_colorful_sneaker_09_sticker.png,0.3499017059803009,0.0,0.8902766704559326,0.7511831521987915,0.2070261090993881,0.487809270620346,0.0127862095832824,,,0.2901911735534668,0.2901911735534668
08_colorful_sneaker,10_starry_night_sketch,ortho_08_colorful_sneaker_10_starry_night_sketch.png,0.1428673863410949,0.0,0.880744218826294,0.7935513854026794,0.1453399658203125,0.519097626209259,0.0109098926186561,,,0.0484340563416481,0.0484340563416481
08_colorful_sneaker,11_abstract_3d_render,ortho_08_colorful_sneaker_11_abstract_3d_render.png,0.348787248134613,0.0,0.8798303008079529,0.7771060466766357,0.1491260379552841,0.5322331786155701,0.0118680074810981,,,0.2897505462169647,0.2897505462169647
08_colorful_sneaker,12_vintage_woodcut,ortho_08_colorful_sneaker_12_vintage_woodcut.png,0.1979023516178131,0.0,0.9055656790733336,0.8092557191848755,0.1722917258739471,0.6496536731719971,0.0095988232642412,,,0.156854897737503,0.156854897737503
08_colorful_sneaker,13_3d_isometric,ortho_08_colorful_sneaker_13_3d_isometric.png,0.4654862284660339,1.0,0.8809751272201538,0.7637421488761902,0.1573889404535293,0.7301021814346313,0.0233513116836547,,,0.338491827249527,0.338491827249527
08_colorful_sneaker,14_crayon_drawing,ortho_08_colorful_sneaker_14_crayon_drawing.png,0.1733371764421463,0.0,0.8553469181060791,0.7649983167648315,0.1205054447054863,0.6493457555770874,0.0111958980560302,,,-0.0328918620944023,-0.0328918620944023
08_colorful_sneaker,15_oil_pastels,ortho_08_colorful_sneaker_15_oil_pastels.png,0.1942255944013595,0.0,0.8221109509468079,0.7001727819442749,0.1957858800888061,0.7325392961502075,0.0142666902393102,,,0.1446126103401184,0.1446126103401184
09_dog_sitting,01_antimonocromatismo,ortho_09_dog_sitting_01_antimonocromatismo.png,0.3534716963768005,0.0,0.8807947039604187,0.7018248438835144,0.1938146501779556,0.6536828875541687,0.0157545842230319,,,0.2173207849264145,0.2173207849264145
09_dog_sitting,02_color_splash,ortho_09_dog_sitting_02_color_splash.png,0.2942672073841095,0.0,0.9138791561126708,0.7622713446617126,0.1938795745372772,0.6358198523521423,0.0171321220695972,,,0.2569875121116638,0.2569875121116638
09_dog_sitting,03_cyberpunk,ortho_09_dog_sitting_03_cyberpunk.png,0.6375704407691956,1.0,0.817823588848114,0.7612648010253906,0.0761583819985389,0.5901116132736206,0.0114180399104952,,,0.1372354477643966,0.1372354477643966
09_dog_sitting,04_flat_illustration,ortho_09_dog_sitting_04_flat_illustration.png,0.2698245346546173,0.0,0.9233415722846984,0.7938703298568726,0.2249051034450531,0.6819069385528564,0.0196447931230068,,,0.229696899652481,0.229696899652481
09_dog_sitting,05_glowing_neon,ortho_09_dog_sitting_05_glowing_neon.png,0.4729226231575012,1.0,0.9119614362716676,0.8319677114486694,0.1151672080159187,0.4154519736766815,0.0106168249621987,,,0.1411726921796798,0.1411726921796798
09_dog_sitting,06_historical_oil,ortho_09_dog_sitting_06_historical_oil.png,0.1495320051908493,0.0,0.8242490291595459,0.711868166923523,0.2122521847486496,0.6498920321464539,0.0124988332390785,,,0.181970477104187,0.181970477104187
09_dog_sitting,07_graphic_poster,ortho_09_dog_sitting_07_graphic_poster.png,0.2671761810779571,0.0,0.8654301762580872,0.7566406726837158,0.1892030239105224,0.6152174472808838,0.0136347813531756,,,0.2103779464960098,0.2103779464960098
09_dog_sitting,08_pencil_sketch,ortho_09_dog_sitting_08_pencil_sketch.png,-0.0632597059011459,0.0,0.9223892092704772,0.8319824934005737,0.111731506884098,0.5744184255599976,0.0170729048550128,,,0.1346043795347213,0.1346043795347213
09_dog_sitting,09_sticker,ortho_09_dog_sitting_09_sticker.png,0.3160316348075866,0.0,0.9013579487800598,0.7285933494567871,0.2037991732358932,0.6589828729629517,0.0243860129266977,,,0.1799295246601104,0.1799295246601104
09_dog_sitting,10_starry_night_sketch,ortho_09_dog_sitting_10_starry_night_sketch.png,-0.001221477985382,0.0,0.9170450568199158,0.8164403438568115,0.149758905172348,0.4996328353881836,0.0158446859568357,,,0.0906761586666107,0.0906761586666107
09_dog_sitting,11_abstract_3d_render,ortho_09_dog_sitting_11_abstract_3d_render.png,0.3570184111595154,0.0,0.8834459781646729,0.7814646363258362,0.1483366638422012,0.5027917623519897,0.0127977728843688,,,0.0838242694735527,0.0838242694735527
09_dog_sitting,12_vintage_woodcut,ortho_09_dog_sitting_12_vintage_woodcut.png,0.160221129655838,0.0,0.9349031448364258,0.830702543258667,0.1164872348308563,0.5908827781677246,0.0174574553966522,,,0.0877352505922317,0.0877352505922317
09_dog_sitting,13_3d_isometric,ortho_09_dog_sitting_13_3d_isometric.png,0.4794554710388183,1.0,0.9228081703186036,0.7984957098960876,0.1887863874435424,0.6304632425308228,0.0195192638784647,,,0.198226511478424,0.198226511478424
09_dog_sitting,14_crayon_drawing,ortho_09_dog_sitting_14_crayon_drawing.png,0.4151949882507324,1.0,0.817767858505249,0.7665119767189026,0.1397525370121002,0.6172330975532532,0.015024016611278,,,0.1808608025312423,0.1808608025312423
09_dog_sitting,15_oil_pastels,ortho_09_dog_sitting_15_oil_pastels.png,0.2209068238735199,0.0,0.9103784561157228,0.7862473130226135,0.1655514389276504,0.6666202545166016,0.0148307923227548,,,0.0682937502861023,0.0682937502861023
10_rubber_duck,01_antimonocromatismo,ortho_10_rubber_duck_01_antimonocromatismo.png,-0.004139058291912,0.0,0.8842009902000427,0.6276479959487915,0.2215101420879364,0.5422812700271606,0.0117280799895524,,,0.0726014524698257,0.0726014524698257
10_rubber_duck,02_color_splash,ortho_10_rubber_duck_02_color_splash.png,0.1504969596862793,0.0,0.9219852685928344,0.7400218844413757,0.1528482884168625,0.4295694828033447,0.0128580369055271,,,0.1579357981681823,0.1579357981681823
10_rubber_duck,03_cyberpunk,ortho_10_rubber_duck_03_cyberpunk.png,0.3261269330978393,0.0,0.9317831993103028,0.6787904500961304,0.1945669800043106,0.469261109828949,0.0123565178364515,,,0.1619651764631271,0.1619651764631271
10_rubber_duck,04_flat_illustration,ortho_10_rubber_duck_04_flat_illustration.png,0.1308003664016723,0.0,0.9093255996704102,0.6418673992156982,0.3082395792007446,0.4981251060962677,0.0132646998390555,,,0.4041489660739898,0.4041489660739898
10_rubber_duck,05_glowing_neon,ortho_10_rubber_duck_05_glowing_neon.png,0.3128319978713989,0.0,0.9228397607803344,0.642616331577301,0.2102718353271484,0.5015484094619751,0.01105422899127,,,0.2480074912309646,0.2480074912309646
10_rubber_duck,06_historical_oil,ortho_10_rubber_duck_06_historical_oil.png,-0.1046556532382965,0.0,0.9120254516601562,0.6722621917724609,0.1641118377447128,0.4845936000347137,0.0115429358556866,,,0.1061496213078498,0.1061496213078498
10_rubber_duck,07_graphic_poster,ortho_10_rubber_duck_07_graphic_poster.png,0.1180840879678726,0.0,0.8743536472320557,0.5756546258926392,0.2667379081249237,0.7248929142951965,0.014773734845221,,,0.2723745107650757,0.2723745107650757
10_rubber_duck,08_pencil_sketch,ortho_10_rubber_duck_08_pencil_sketch.png,0.019985843449831,0.0,0.8973827958106995,0.6930211782455444,0.2207392156124115,0.4489372968673706,0.0144351795315742,,,0.1220416128635406,0.1220416128635406
10_rubber_duck,09_sticker,ortho_10_rubber_duck_09_sticker.png,0.2458949238061905,0.0,0.9376456141471864,0.7429302334785461,0.2241077572107315,0.4331862032413482,0.0162163004279136,,,0.2493843585252761,0.2493843585252761
10_rubber_duck,10_starry_night_sketch,ortho_10_rubber_duck_10_starry_night_sketch.png,0.0962814912199974,0.0,0.9154490232467652,0.7042829990386963,0.1478051841259002,0.5684522986412048,0.0160792842507362,,,0.0995678454637527,0.0995678454637527
10_rubber_duck,11_abstract_3d_render,ortho_10_rubber_duck_11_abstract_3d_render.png,0.21885547041893,0.0,0.9173507690429688,0.7125672698020935,0.3037191331386566,0.4482813775539398,0.0152851464226841,,,0.3610091805458069,0.3610091805458069
10_rubber_duck,12_vintage_woodcut,ortho_10_rubber_duck_12_vintage_woodcut.png,0.2614461779594421,0.0,0.9313454627990724,0.6965928077697754,0.1703106015920639,0.486786425113678,0.0211084764450788,,,0.124621570110321,0.124621570110321
10_rubber_duck,13_3d_isometric,ortho_10_rubber_duck_13_3d_isometric.png,0.3563511073589325,1.0,0.925965130329132,0.662972629070282,0.3443601131439209,0.4353696703910827,0.0147337764501571,,,0.4251601696014404,0.4251601696014404
10_rubber_duck,14_crayon_drawing,ortho_10_rubber_duck_14_crayon_drawing.png,0.3179004788398742,0.0,0.8122043609619141,0.477912575006485,0.2912290394306183,0.6692981123924255,0.0147404866293072,,,0.1979673206806183,0.1979673206806183
10_rubber_duck,15_oil_pastels,ortho_10_rubber_duck_15_oil_pastels.png,0.2853125929832458,0.0,0.8866294622421265,0.5531535148620605,0.2957651913166046,0.7065821290016174,0.0156514290720224,,,0.1421765834093094,0.1421765834093094
11_fancy_boot,01_antimonocromatismo,ortho_11_fancy_boot_01_antimonocromatismo.png,0.1733820289373397,0.0,0.8640248775482178,0.676573634147644,0.1482898294925689,0.4563636779785156,0.0089293401688337,,,-0.0372306406497955,-0.0372306406497955
11_fancy_boot,02_color_splash,ortho_11_fancy_boot_02_color_splash.png,0.0150120137259364,0.0,0.8919745087623596,0.6416460275650024,0.2515076100826263,0.5711221694946289,0.0122182965278625,,,0.1066650077700614,0.1066650077700614
11_fancy_boot,03_cyberpunk,ortho_11_fancy_boot_03_cyberpunk.png,0.2737605571746826,1.0,0.8515280485153198,0.5920394659042358,0.2487952262163162,0.5997118949890137,0.0115177603438496,,,0.1212438642978668,0.1212438642978668
11_fancy_boot,04_flat_illustration,ortho_11_fancy_boot_04_flat_illustration.png,0.0462695285677909,0.0,0.8927615284919739,0.6844450235366821,0.2734480500221252,0.4531182050704956,0.0102287232875823,,,0.1417862772941589,0.1417862772941589
11_fancy_boot,05_glowing_neon,ortho_11_fancy_boot_05_glowing_neon.png,0.1715196967124939,1.0,0.8524147272109985,0.6525033116340637,0.2586837112903595,0.5761486291885376,0.0089681223034858,,,0.1460698246955871,0.1460698246955871
11_fancy_boot,06_historical_oil,ortho_11_fancy_boot_06_historical_oil.png,-0.0646979808807373,0.0,0.8710662126541138,0.6234616041183472,0.1846237629652023,0.540147066116333,0.0108863953500986,,,0.0051121264696121,0.0051121264696121
11_fancy_boot,07_graphic_poster,ortho_11_fancy_boot_07_graphic_poster.png,0.113486036658287,0.0,0.8610824346542358,0.4488222599029541,0.3000306785106659,0.7063365578651428,0.0126996524631977,,,0.1624295711517334,0.1624295711517334
11_fancy_boot,08_pencil_sketch,ortho_11_fancy_boot_08_pencil_sketch.png,-0.0291979759931564,0.0,0.8651599287986755,0.6295555830001831,0.2405378669500351,0.4679467678070068,0.0136817460879683,,,0.1377559304237365,0.1377559304237365
11_fancy_boot,09_sticker,ortho_11_fancy_boot_09_sticker.png,0.2189943492412567,1.0,0.867642879486084,0.7071812152862549,0.2241786420345306,0.4046954810619354,0.0137434173375368,,,0.2580961585044861,0.2580961585044861
11_fancy_boot,10_starry_night_sketch,ortho_11_fancy_boot_10_starry_night_sketch.png,-0.0382953695952892,0.0,0.8770793080329895,0.5944415330886841,0.1633923649787902,0.5585037469863892,0.0111953504383564,,,0.0818682461977005,0.0818682461977005
11_fancy_boot,11_abstract_3d_render,ortho_11_fancy_boot_11_abstract_3d_render.png,-0.0382660068571567,0.0,0.8566578030586243,0.5582374334335327,0.2987770140171051,0.4558526277542114,0.015910305082798,,,0.2638490200042724,0.2638490200042724
11_fancy_boot,12_vintage_woodcut,ortho_11_fancy_boot_12_vintage_woodcut.png,0.1321332901716232,0.0,0.8443799018859863,0.6291285157203674,0.2899918258190155,0.5397481918334961,0.0121251046657562,,,0.2786612510681152,0.2786612510681152
11_fancy_boot,13_3d_isometric,ortho_11_fancy_boot_13_3d_isometric.png,0.2445736527442932,1.0,0.8809833526611328,0.6534683704376221,0.3091874718666076,0.4748521149158478,0.0101625183597207,,,0.30963134765625,0.30963134765625
11_fancy_boot,14_crayon_drawing,ortho_11_fancy_boot_14_crayon_drawing.png,0.3669849336147308,1.0,0.8170773386955261,0.4949966073036194,0.2508039474487304,0.7914465665817261,0.0156090836971998,,,0.1668921560049057,0.1668921560049057
11_fancy_boot,15_oil_pastels,ortho_11_fancy_boot_15_oil_pastels.png,0.0854218751192092,0.0,0.8736308813095093,0.5154983401298523,0.3146607875823974,0.7531419992446899,0.0137130701914429,,,0.0720697939395904,0.0720697939395904
12_pink_sunglasses,01_antimonocromatismo,ortho_12_pink_sunglasses_01_antimonocromatismo.png,0.245790034532547,0.0,0.9009401202201844,0.7959340810775757,0.0995378568768501,0.2082210779190063,0.0026874074246734,,,0.1952694952487945,0.1952694952487945
12_pink_sunglasses,02_color_splash,ortho_12_pink_sunglasses_02_color_splash.png,0.058708444237709,0.0,0.9281007051467896,0.8201349377632141,0.0727523416280746,0.1995206177234649,0.0024374693166464,,,0.1602935343980789,0.1602935343980789
12_pink_sunglasses,03_cyberpunk,ortho_12_pink_sunglasses_03_cyberpunk.png,0.4775562882423401,1.0,0.8435423970222473,0.7011747360229492,0.1174424514174461,0.4124493598937988,0.0035919738002121,,,0.2196041941642761,0.2196041941642761
12_pink_sunglasses,04_flat_illustration,ortho_12_pink_sunglasses_04_flat_illustration.png,0.1685521453619003,0.0,0.8704237341880798,0.7969844341278076,0.2186965644359588,0.2239837795495987,0.0026939525268971,,,0.3078393042087555,0.3078393042087555
12_pink_sunglasses,05_glowing_neon,ortho_12_pink_sunglasses_05_glowing_neon.png,0.3361672461032867,0.0,0.8551760911941528,0.7948561310768127,0.1388623416423797,0.3287606835365295,0.0080416454002261,,,0.1528266370296478,0.1528266370296478
12_pink_sunglasses,06_historical_oil,ortho_12_pink_sunglasses_06_historical_oil.png,0.0943290218710899,0.0,0.690470278263092,0.6768803596496582,0.1469069421291351,0.2898866236209869,0.0039495504461228,,,0.1544278860092163,0.1544278860092163
12_pink_sunglasses,07_graphic_poster,ortho_12_pink_sunglasses_07_graphic_poster.png,0.3911290764808655,1.0,0.9045796394348145,0.7654182314872742,0.1418213844299316,0.5730431079864502,0.0217018909752368,,,0.1120553612709045,0.1120553612709045
12_pink_sunglasses,08_pencil_sketch,ortho_12_pink_sunglasses_08_pencil_sketch.png,-0.0230128765106201,0.0,0.9379975199699402,0.882606565952301,0.0611848905682563,0.2434855550527572,0.0032943657133728,,,0.0946807488799095,0.0946807488799095
12_pink_sunglasses,09_sticker,ortho_12_pink_sunglasses_09_sticker.png,0.2544710040092468,0.0,0.9076578617095948,0.8021496534347534,0.2036530822515487,0.1837666481733322,0.0021008355543017,,,0.2490110546350479,0.2490110546350479
12_pink_sunglasses,10_starry_night_sketch,ortho_12_pink_sunglasses_10_starry_night_sketch.png,-0.0126586537808179,0.0,0.9275967478752136,0.8060979843139648,0.0600255392491817,0.2276205569505691,0.0027727175038307,,,0.0153259485960006,0.0153259485960006
12_pink_sunglasses,11_abstract_3d_render,ortho_12_pink_sunglasses_11_abstract_3d_render.png,0.4224346578121185,1.0,0.8573800325393677,0.7643001079559326,0.1413800567388534,0.4167117178440094,0.0037234271876513,,,0.2673203349113464,0.2673203349113464
12_pink_sunglasses,12_vintage_woodcut,ortho_12_pink_sunglasses_12_vintage_woodcut.png,0.1938244998455047,0.0,0.9066771864891052,0.853856086730957,0.0961253345012664,0.1467005908489227,0.0031255674548447,,,0.0401176735758781,0.0401176735758781
12_pink_sunglasses,13_3d_isometric,ortho_12_pink_sunglasses_13_3d_isometric.png,0.2901792526245117,0.0,0.9431568384170532,0.8055909872055054,0.1454061269760131,0.1943601220846176,0.0024514032993465,,,0.3420416712760925,0.3420416712760925
12_pink_sunglasses,14_crayon_drawing,ortho_12_pink_sunglasses_14_crayon_drawing.png,0.3220062255859375,1.0,0.8412961959838867,0.6092983484268188,0.2393892258405685,0.543117105960846,0.0238650720566511,,,0.154400497674942,0.154400497674942
12_pink_sunglasses,15_oil_pastels,ortho_12_pink_sunglasses_15_oil_pastels.png,0.3183711767196655,1.0,0.9272758960723876,0.7376692295074463,0.1904952377080917,0.4763384163379669,0.0233733355998992,,,0.1925840973854065,0.1925840973854065
13_poop_emoji,01_antimonocromatismo,ortho_13_poop_emoji_01_antimonocromatismo.png,-0.0079536931589245,0.0,0.8942182660102844,0.5315271019935608,0.2564818263053894,0.6522253751754761,0.0139278816059231,,,0.0057019889354705,0.0057019889354705
13_poop_emoji,02_color_splash,ortho_13_poop_emoji_02_color_splash.png,0.0838921219110488,0.0,0.8037216067314148,0.4270151853561401,0.2443713694810867,0.6970435380935669,0.0186494216322898,,,0.1356136202812194,0.1356136202812194
13_poop_emoji,03_cyberpunk,ortho_13_poop_emoji_03_cyberpunk.png,0.1422089487314224,0.0,0.8430147767066956,0.5113068222999573,0.3017889857292175,0.7643476128578186,0.0175409261137247,,,0.1567480117082595,0.1567480117082595
13_poop_emoji,04_flat_illustration,ortho_13_poop_emoji_04_flat_illustration.png,0.1313515603542328,0.0,0.8158855438232422,0.4178797900676727,0.44389209151268,0.7309204936027527,0.0208255276083946,,,0.2568874061107635,0.2568874061107635
13_poop_emoji,05_glowing_neon,ortho_13_poop_emoji_05_glowing_neon.png,0.2778118848800659,1.0,0.8821683526039124,0.580734133720398,0.2700507640838623,0.667125403881073,0.0153248505666852,,,0.2195018231868744,0.2195018231868744
13_poop_emoji,06_historical_oil,ortho_13_poop_emoji_06_historical_oil.png,0.1856846660375595,0.0,0.7759048938751221,0.2979222238063812,0.4349050223827362,0.7367815375328064,0.0120913246646523,,,0.232280820608139,0.232280820608139
13_poop_emoji,07_graphic_poster,ortho_13_poop_emoji_07_graphic_poster.png,0.053226925432682,0.0,0.7059937119483948,0.4328422844409942,0.2478528022766113,0.8029887676239014,0.0162490382790565,,,0.20895716547966,0.20895716547966
13_poop_emoji,08_pencil_sketch,ortho_13_poop_emoji_08_pencil_sketch.png,-0.0209288988262414,0.0,0.889351487159729,0.5683721303939819,0.2109815180301666,0.7000234127044678,0.0245507415384054,,,0.1575238108634948,0.1575238108634948
13_poop_emoji,09_sticker,ortho_13_poop_emoji_09_sticker.png,0.1739268451929092,0.0,0.8079942464828491,0.5546463131904602,0.2849934697151184,0.744732141494751,0.0176291354000568,,,0.155099868774414,0.155099868774414
13_poop_emoji,10_starry_night_sketch,ortho_13_poop_emoji_10_starry_night_sketch.png,0.1049638763070106,0.0,0.8396319150924683,0.5177279710769653,0.2784768342971802,0.5810751914978027,0.0175833106040954,,,0.1500657498836517,0.1500657498836517
13_poop_emoji,11_abstract_3d_render,ortho_13_poop_emoji_11_abstract_3d_render.png,0.1273922175168991,0.0,0.8458787202835083,0.590592622756958,0.3447625041007995,0.7864764928817749,0.0150729799643158,,,0.2325688898563385,0.2325688898563385
13_poop_emoji,12_vintage_woodcut,ortho_13_poop_emoji_12_vintage_woodcut.png,0.2406951785087585,0.0,0.8373826742172241,0.4042515456676483,0.2975453734397888,0.8861405253410339,0.0215678643435239,,,0.0895379483699798,0.0895379483699798
13_poop_emoji,13_3d_isometric,ortho_13_poop_emoji_13_3d_isometric.png,0.2946946322917938,0.0,0.8406078815460205,0.5182125568389893,0.3621658980846405,0.8306748867034912,0.01942028850317,,,0.2358886748552322,0.2358886748552322
13_poop_emoji,14_crayon_drawing,ortho_13_poop_emoji_14_crayon_drawing.png,0.2952246069908142,0.0,0.8235780000686646,0.5231671333312988,0.2265393137931823,0.7991933226585388,0.0158894788473844,,,-0.01672850176692,-0.01672850176692
13_poop_emoji,15_oil_pastels,ortho_13_poop_emoji_15_oil_pastels.png,0.1215908527374267,0.0,0.5813102126121521,0.3334664106369018,0.3807768523693084,0.8445580005645752,0.0137512665241956,,,0.1939329802989959,0.1939329802989959
14_ceramic_teapot,01_antimonocromatismo,ortho_14_ceramic_teapot_01_antimonocromatismo.png,0.2147892415523529,0.0,0.9541038870811462,0.7592270970344543,0.1716310977935791,0.3150269985198974,0.0111505938693881,,,0.2492247372865677,0.2492247372865677
14_ceramic_teapot,02_color_splash,ortho_14_ceramic_teapot_02_color_splash.png,0.0576698966324329,0.0,0.9274742603302002,0.7720944881439209,0.1142568364739418,0.3551235198974609,0.0189490858465433,,,0.1585069596767425,0.1585069596767425
14_ceramic_teapot,03_cyberpunk,ortho_14_ceramic_teapot_03_cyberpunk.png,0.3767242431640625,0.0,0.8573305606842041,0.7166390419006348,0.1271141171455383,0.572945773601532,0.0144271701574325,,,0.1967905610799789,0.1967905610799789
14_ceramic_teapot,04_flat_illustration,ortho_14_ceramic_teapot_04_flat_illustration.png,0.3658605515956878,0.0,0.883206844329834,0.7088051438331604,0.1896924078464508,0.4521780610084533,0.0272315610200166,,,0.230731263756752,0.230731263756752
14_ceramic_teapot,05_glowing_neon,ortho_14_ceramic_teapot_05_glowing_neon.png,0.3275033831596374,1.0,0.927474319934845,0.7548043727874756,0.1411938667297363,0.4829982817173004,0.0138043286278843,,,0.208812803030014,0.208812803030014
14_ceramic_teapot,06_historical_oil,ortho_14_ceramic_teapot_06_historical_oil.png,0.0337783396244049,0.0,0.9098140001296996,0.7344743609428406,0.1677095592021942,0.3338963389396667,0.0160430204123258,,,0.0314538702368736,0.0314538702368736
14_ceramic_teapot,07_graphic_poster,ortho_14_ceramic_teapot_07_graphic_poster.png,0.1959705650806427,0.0,0.937083899974823,0.7835417985916138,0.1180445626378059,0.5847780108451843,0.0280774608254432,,,0.2446916401386261,0.2446916401386261
14_ceramic_teapot,08_pencil_sketch,ortho_14_ceramic_teapot_08_pencil_sketch.png,0.0600477345287799,0.0,0.9046436548233032,0.718708872795105,0.1162850782275199,0.4654909968376159,0.0179059188812971,,,0.0829909667372703,0.0829909667372703
14_ceramic_teapot,09_sticker,ortho_14_ceramic_teapot_09_sticker.png,0.3185163736343384,0.0,0.8997493386268616,0.6947402358055115,0.2045749276876449,0.3624764680862427,0.0188937429338693,,,0.1914048194885254,0.1914048194885254
14_ceramic_teapot,10_starry_night_sketch,ortho_14_ceramic_teapot_10_starry_night_sketch.png,0.0599816553294658,0.0,0.9287747740745544,0.7406561374664307,0.1420618295669555,0.3173794746398926,0.01099618896842,,,0.1147876679897308,0.1147876679897308
14_ceramic_teapot,11_abstract_3d_render,ortho_14_ceramic_teapot_11_abstract_3d_render.png,0.29285329580307,1.0,0.8824476003646851,0.6476916670799255,0.2464233338832855,0.593987762928009,0.0287678875029087,,,0.2661666870117187,0.2661666870117187
14_ceramic_teapot,12_vintage_woodcut,ortho_14_ceramic_teapot_12_vintage_woodcut.png,0.2705199122428894,0.0,0.9054954051971436,0.7791013717651367,0.1490505337715149,0.4548286199569702,0.0174640212208032,,,0.112546794116497,0.112546794116497
14_ceramic_teapot,13_3d_isometric,ortho_14_ceramic_teapot_13_3d_isometric.png,0.3217343389987945,1.0,0.9177500009536744,0.7291257381439209,0.2094507217407226,0.3147843182086944,0.0168677847832441,,,0.3656619787216186,0.3656619787216186
14_ceramic_teapot,14_crayon_drawing,ortho_14_ceramic_teapot_14_crayon_drawing.png,0.4020174443721771,1.0,0.743474006652832,0.5881890058517456,0.2348693311214447,0.6905065178871155,0.0234431140124797,,,0.0848057195544242,0.0848057195544242
14_ceramic_teapot,15_oil_pastels,ortho_14_ceramic_teapot_15_oil_pastels.png,0.4459942281246185,1.0,0.8868597745895386,0.7026453614234924,0.2064819186925888,0.5363831520080566,0.0209274441003799,,,0.1907996535301208,0.1907996535301208
15_decorative_vase,01_antimonocromatismo,ortho_15_decorative_vase_01_antimonocromatismo.png,0.3642783761024475,1.0,0.852013349533081,0.6106577515602112,0.2288141399621963,0.6179738640785217,0.0102792894467711,,,0.2539882063865661,0.2539882063865661
15_decorative_vase,02_color_splash,ortho_15_decorative_vase_02_color_splash.png,0.1025647595524787,0.0,0.8281699419021606,0.672026515007019,0.1303909569978714,0.5328643918037415,0.0115362666547298,,,0.1382928937673568,0.1382928937673568
15_decorative_vase,03_cyberpunk,ortho_15_decorative_vase_03_cyberpunk.png,0.443583607673645,0.0,0.8057610988616943,0.756010115146637,0.0992083624005317,0.6170614361763,0.0115828281268477,,,0.2440070062875747,0.2440070062875747
15_decorative_vase,04_flat_illustration,ortho_15_decorative_vase_04_flat_illustration.png,0.1551679819822311,0.0,0.8894820809364319,0.7528877258300781,0.1713700145483017,0.5575637221336365,0.0174683276563882,,,0.1416323184967041,0.1416323184967041
15_decorative_vase,05_glowing_neon,ortho_15_decorative_vase_05_glowing_neon.png,0.4298339188098907,1.0,0.8477591276168823,0.7412510514259338,0.1536038666963577,0.553397536277771,0.0114024700596928,,,0.3679156303405761,0.3679156303405761
15_decorative_vase,06_historical_oil,ortho_15_decorative_vase_06_historical_oil.png,-0.0252566486597061,0.0,0.8439996242523193,0.6855812668800354,0.1791988611221313,0.5587598085403442,0.0113535085693001,,,0.0780271664261818,0.0780271664261818
15_decorative_vase,07_graphic_poster,ortho_15_decorative_vase_07_graphic_poster.png,0.3043547570705414,0.0,0.8414122462272644,0.5420732498168945,0.3332121670246124,0.7439054846763611,0.0145779503509402,,,0.3608825206756592,0.3608825206756592
15_decorative_vase,08_pencil_sketch,ortho_15_decorative_vase_08_pencil_sketch.png,0.0299317725002765,0.0,0.8742095232009888,0.7329666614532471,0.18967866897583,0.5491820573806763,0.0110758738592267,,,0.088369682431221,0.088369682431221
15_decorative_vase,09_sticker,ortho_15_decorative_vase_09_sticker.png,0.3236865997314453,1.0,0.8245142102241516,0.683716893196106,0.2022404372692108,0.5568224787712097,0.019240166991949,,,0.2072352916002273,0.2072352916002273
15_decorative_vase,10_starry_night_sketch,ortho_15_decorative_vase_10_starry_night_sketch.png,0.1424062550067901,0.0,0.8756546974182129,0.695816159248352,0.1657454073429107,0.559374988079071,0.010731010697782,,,0.08876633644104,0.08876633644104
15_decorative_vase,11_abstract_3d_render,ortho_15_decorative_vase_11_abstract_3d_render.png,0.3601165413856506,1.0,0.854957103729248,0.6998191475868225,0.1775742918252945,0.5244264006614685,0.0172665044665336,,,0.2780069708824157,0.2780069708824157
15_decorative_vase,12_vintage_woodcut,ortho_15_decorative_vase_12_vintage_woodcut.png,0.3271761238574981,1.0,0.8666560649871826,0.6855391263961792,0.2226672917604446,0.5646407008171082,0.0134702567011117,,,0.2871927618980407,0.2871927618980407
15_decorative_vase,13_3d_isometric,ortho_15_decorative_vase_13_3d_isometric.png,0.5754765272140503,1.0,0.6704493761062622,0.3771609663963318,0.5976629853248596,0.7755711078643799,0.0154216345399618,,,0.541566014289856,0.541566014289856
15_decorative_vase,14_crayon_drawing,ortho_15_decorative_vase_14_crayon_drawing.png,0.349983811378479,1.0,0.8128107190132141,0.5368531942367554,0.3237852752208709,0.7205708026885986,0.0153497969731688,,,0.082809492945671,0.082809492945671
15_decorative_vase,15_oil_pastels,ortho_15_decorative_vase_15_oil_pastels.png,0.2938090860843658,1.0,0.8496809005737305,0.4731366634368896,0.3239354789257049,0.7077302932739258,0.0143488282337784,,,0.2044735550880432,0.2044735550880432
Average,,,0.23344904225319624,0.3022222222222222,0.8515183766682942,0.6689740977022383,0.20581099518471294,0.5503835539023082,0.013715750967255849,,,0.17561128148188193,0.17561128148188193
